id,category,series,series_name,title,summary,typical_evidence,priority
CC1.1,Security,CC1,Control Environment,Integrity and ethical values,"Leadership sets the tone: the company defines and demonstrates integrity and ethical values, and holds people to them.",Signed code of conduct; Ethics policy acknowledgment records; Board minutes showing values discussion,high
CC1.2,Security,CC1,Control Environment,Independent board oversight,"Whoever governs the company (board, owners, advisors) oversees controls independently from day-to-day management.",Board charter or operating agreement; Meeting minutes showing oversight of security; Org chart showing reporting lines,high
CC1.3,Security,CC1,Control Environment,"Structure, reporting lines, and responsibilities","The org chart is real: structures, reporting lines, and who owns which controls are defined, assigned, and kept current.",Current org chart; RACI or responsibility matrix; Job descriptions with security duties,high
CC1.4,Security,CC1,Control Environment,Commitment to competence,"The company hires, trains, and retains people competent for their control responsibilities, including security training.",Hiring criteria for technical roles; Security awareness training completion records; Performance review templates,high
CC1.5,Security,CC1,Control Environment,Accountability for controls,"People are held accountable for their control responsibilities, with consequences when controls fail.",Accountability language in role descriptions; Disciplinary policy; Management review records,high
CC2.1,Security,CC2,Communication and Information,Internal communication of control responsibilities,Control objectives and responsibilities are communicated internally so everyone knows what is expected of them.,All-hands or onboarding decks covering security; Internal wiki or policy portal; Acknowledgment logs,high
CC2.2,Security,CC2,Communication and Information,External communication with customers and partners,"The company communicates system operation, commitments, and relevant control info to customers and business partners.",Status page and incident communications; Customer-facing security documentation; M SA or DPA security exhibits,high
CC2.3,Security,CC2,Communication and Information,Communication with regulators and authorities,"The company knows which regulators and authorities matter and communicates with them as required, including breach notification duties.","Breach notification procedure; Regulatory contact list; Records of past notifications, if any",high
CC3.1,Security,CC3,Risk Assessment,Defined objectives for risk identification,Objectives are specific enough that risks to meeting them can actually be identified.,Documented security objectives; Risk assessment scope statement,high
CC3.2,Security,CC3,Risk Assessment,Risk identification and analysis,"The company identifies and analyzes risks to achieving its objectives, and decides how to manage them.",Risk register; Risk assessment report; Risk treatment decisions,high
CC3.3,Security,CC3,Risk Assessment,Fraud risk assessment,"Fraud gets its own look: incentives, pressures, and opportunities for fraud are assessed explicitly.",Fraud risk assessment section; Segregation of duties analysis; Whistleblower or reporting channel,high
CC3.4,Security,CC3,Risk Assessment,Assessment of significant changes,"Big changes (new product, new vendor, new infrastructure, leadership change) trigger a fresh risk look.",Change-triggered risk review records; New vendor onboarding risk review,high
CC4.1,Security,CC4,Monitoring Activities,Ongoing and separate control evaluations,Controls are checked both continuously (monitoring) and periodically (separate evaluations like internal audits or pen tests).,Continuous monitoring dashboards; Penetration test reports; Internal audit or self-assessment records,high
CC4.2,Security,CC4,Monitoring Activities,Evaluation and communication of deficiencies,"Control failures and gaps are identified, rated by severity, reported to the right people, and fixed on a timeline.",Deficiency log with severity ratings; Remediation tracking; Management reporting on open findings,high
CC5.1,Security,CC5,Control Activities,Control activities that mitigate risk,"Control activities are chosen and built to actually mitigate the risks identified, not just check a box.",Control matrix mapping risks to controls; Control design documentation,high
CC5.2,Security,CC5,Control Activities,Technology general controls,"IT general controls cover the tech stack: access, changes, operations, and data backup for the systems that matter.",IT general controls policy; Backup and restore test logs; Job scheduling and operations procedures,high
CC5.3,Security,CC5,Control Activities,Policies deployed through procedures,"Policies are not shelfware: they are deployed through real procedures, assigned owners, and followed in practice.",Information security policy suite; Procedure documents with owners; Policy exception log,high
CC6.1,Security,CC6,Logical and Physical Access Controls,System boundaries protected against unauthorized access,"The logical boundary of the system is defined and defended: firewalls, network segmentation, and edge controls keep outsiders out.",Network diagrams; Firewall rule reviews; VPC and segmentation documentation,critical
CC6.2,Security,CC6,Logical and Physical Access Controls,Registration and authorization of new users,"New users, both employees and external, are registered and their access authorized before they get in.",Access request and approval tickets; Onboarding checklist with access provisioning,critical
CC6.3,Security,CC6,Logical and Physical Access Controls,Timely removal of access for departing users,"When people leave or change roles, their access is removed or adjusted promptly, not whenever someone remembers.",Offboarding checklist with access revocation; Termination tickets with timestamps; Periodic access review showing leavers removed,critical
CC6.4,Security,CC6,Logical and Physical Access Controls,Physical access restrictions,"Physical access to facilities, data centers, and server rooms is restricted to authorized people.",Badge access logs; Data center SOC 2 report or attestation; Visitor logs,critical
CC6.5,Security,CC6,Logical and Physical Access Controls,Protection against unauthorized asset disposal,Hardware and media leaving the company are tracked and sanitized so data does not walk out the door.,Asset disposal records; Drive destruction certificates; Media sanitization log,critical
CC6.6,Security,CC6,Logical and Physical Access Controls,Role-based logical access and least privilege,"Access follows roles and least privilege: people get the minimum access their job needs, enforced by the system.",Role-based access matrix; MFA enforcement evidence; Privileged access reviews,critical
CC6.7,Security,CC6,Logical and Physical Access Controls,Controls over data transmission and portable media,"Data in transit is protected (encryption), and movement of data onto portable media or outside the boundary is restricted.",TLS configuration evidence; DLP or egress control records; Encryption-in-transit documentation,critical
CC6.8,Security,CC6,Logical and Physical Access Controls,Prevention of unauthorized software,Only approved software runs in the environment: unauthorized software is prevented or detected.,Approved software inventory; Endpoint protection console reports; Application allowlisting policy,critical
CC7.1,Security,CC7,System Operations,Vulnerability identification and remediation,"Vulnerabilities are found (scanning, threat intel) and fixed on a risk-based timeline.",Vulnerability scan reports; Patch records with timelines; Threat intel subscription or feed,critical
CC7.2,Security,CC7,System Operations,Monitoring of system components,"Infrastructure and software are monitored for anomalies: uptime, performance, and security signals.",SIEM or monitoring dashboards; Alerting rules and alert history; Log retention configuration,critical
CC7.3,Security,CC7,System Operations,Security event triage and evaluation,Anomalies get triaged: the company evaluates whether something is a real security event and how bad it is.,Triage procedures; Event tickets with severity classification; Escalation records,critical
CC7.4,Security,CC7,System Operations,Incident response,"When a security event becomes an incident, the response plan kicks in: contain, eradicate, recover, learn.",Incident response plan; Tabletop exercise records; Past incident reports with lessons learned,critical
CC7.5,Security,CC7,System Operations,Corrective actions from monitoring,"Monitoring findings turn into fixes: corrective actions are identified, tracked, and verified.",Corrective action log; Verification of fix effectiveness,critical
CC8.1,Security,CC8,Change Management,Controlled change management process,"Changes to infrastructure, software, and procedures go through a controlled process: request, test, approve, implement, review.",Change tickets with approvals; Deployment pipeline with gates; Emergency change records,critical
CC9.1,Security,CC9,Risk Mitigation,Business disruption risk mitigation,"Risks of business disruption are identified and mitigated: continuity and disaster recovery are planned, not improvised.",Business continuity plan; Disaster recovery plan; BIAs for critical processes,high
CC9.2,Security,CC9,Risk Mitigation,Vendor and business partner risk management,"Vendors and partners with access to the system are risk-assessed, contracted with security commitments, and monitored.",Vendor risk assessments; Vendor list with criticality ratings; Vendor SOC 2 reports on file,critical
A1.1,Availability,A1,Availability,Capacity planning and monitoring,Capacity is planned and monitored so the system stays available under expected and peak demand.,Capacity plans and forecasts; Utilization monitoring and alerts; Load test results,high
A1.2,Availability,A1,Availability,Backup and recovery procedures,Backup and recovery procedures exist and are operated so the system can be restored after a failure.,Backup procedures and schedules; Backup success logs; Recovery runbooks,high
A1.3,Availability,A1,Availability,Recovery plan testing,"Recovery plans are actually tested, not just written: tests prove restore works within committed timeframes.",Disaster recovery test plans and results; RTO and RPO measurements,high
PI1.1,Processing Integrity,PI1,Processing Integrity,Quality information for processing objectives,"The company defines what good data looks like: data definitions, product specs, and quality requirements for processing.",Data dictionaries; Product and service specifications,high
PI1.2,Processing Integrity,PI1,Processing Integrity,Controls over system inputs,Inputs are checked for completeness and accuracy before processing: bad data gets caught at the door.,Input validation rules; Error and rejection logs; Reconciliation procedures,high
PI1.3,Processing Integrity,PI1,Processing Integrity,Controls over system processing,"Processing itself is controlled: authorized, complete, accurate, and timely, with errors detected and corrected.",Processing controls documentation; Error detection and correction logs; Batch and transaction controls,high
PI1.4,Processing Integrity,PI1,Processing Integrity,Controls over system outputs,"Outputs are complete, accurate, timely, protected, and delivered only to intended parties.",Output distribution controls; Output accuracy checks; Delivery logs,high
PI1.5,Processing Integrity,PI1,Processing Integrity,Controls over stored data,"Data at rest, inputs in queue, and outputs awaiting delivery are stored completely, accurately, and protected.",Data storage procedures; Archive and retention controls; Storage integrity checks,high
C1.1,Confidentiality,C1,Confidentiality,Identification and protection of confidential information,"Confidential information is identified when received or created, marked, and protected for its retention period.",Data classification policy; Confidential data inventory; Handling procedures,high
C1.2,Confidentiality,C1,Confidentiality,Disposal of confidential information,"When retention ends, confidential information is destroyed in a way that prevents recovery.",Disposal procedures; Destruction certificates or logs,high
P1.1,Privacy,P,Privacy,Privacy notice to data subjects,"People are told what you collect, why, and what their rights are, in clear language, before or when you collect it.",Published privacy notice; Notice version history; Evidence of notice delivery,high
P2.1,Privacy,P,Privacy,Choice and consent communication,"Data subjects are told their choices about collection, use, and disclosure, and consent is obtained where required.",Consent records; Opt-in and opt-out mechanisms; Consent for new purposes,high
P3.1,Privacy,P,Privacy,Collection limited to stated objectives,"Collection is limited to personal information needed for the stated privacy objectives, gathered fairly and lawfully.",Data minimization review; Collection method documentation,high
P3.2,Privacy,P,Privacy,Explicit consent before collecting sensitive information,"For sensitive personal information, explicit consent is communicated, obtained, and documented before collection.",Sensitive data consent records; Consent documentation retention,high
P4.1,Privacy,P,Privacy,Use limited to identified purposes,"Personal information is used only for the purposes it was collected for, unless law requires otherwise.",Purpose limitation review; New-use approval records,high
P4.2,Privacy,P,Privacy,Retention consistent with objectives,"Personal information is kept no longer than needed for the stated purposes, and protected while retained.",Retention schedule; Retention enforcement evidence,high
P4.3,Privacy,P,Privacy,Secure disposal of personal information,"When personal information is no longer needed, it is anonymized, disposed of, or destroyed so it cannot be recovered.",Disposal procedures; Deletion request log; Destruction verification,high
P5.1,Privacy,P,Privacy,Data subject access to personal information,Identified and authenticated individuals can see what personal information you hold about them and get a copy.,Access request log; Identity verification procedure; Response records,high
P5.2,Privacy,P,Privacy,Correction of personal information on request,"People can correct their personal information, corrections flow to third parties who got the bad data, and denials are explained.",Correction request log; Third-party correction notices; Denial communications,high
P6.1,Privacy,P,Privacy,Third-party disclosure only with consent,"Personal information goes to third parties only with consent, for the purposes collected, and only to parties with proper agreements.",Third-party disclosure log; Data processing agreements; Consent records for disclosures,high
P6.2,Privacy,P,Privacy,Records of authorized disclosures,"A complete, accurate, timely record exists of every authorized disclosure of personal information.",Disclosure register; Reconciliation of disclosures,high
P6.3,Privacy,P,Privacy,Records of unauthorized disclosures and breaches,"Detected or reported unauthorized disclosures, including breaches, are recorded completely, accurately, and promptly.",Breach register; Detection and reporting records,high
P6.4,Privacy,P,Privacy,Vendor privacy commitments and compliance checks,"Vendors with access to personal information sign privacy commitments, and their compliance is checked periodically with corrective action when needed.",Vendor privacy addenda; Vendor compliance assessments; Corrective action records,high
P6.5,Privacy,P,Privacy,Vendor breach notification commitments,"Vendors commit to notify you of actual or suspected unauthorized disclosures, and those notifications reach the right people fast.",Vendor notification clauses; Notification handling records,high
P6.6,Privacy,P,Privacy,Breach notification to data subjects and regulators,"Breaches and incidents are notified to affected people, regulators, and others as required, through an established process.",Breach notification procedure; Notification records and timelines,high
P6.7,Privacy,P,Privacy,Accounting of disclosures on request,"On request, data subjects get an accounting of the personal information held about them and who it was disclosed to.",Accounting request log; Response records,high
P7.1,Privacy,P,Privacy,Accuracy and completeness of personal information,"Personal information collected and kept is accurate, up to date, complete, and relevant for its purpose.",Data quality checks; Accuracy review records,high
P8.1,Privacy,P,Privacy,Privacy inquiry and complaint handling,"There is a real process for privacy questions, complaints, and disputes: intake, resolution, communication, and monitoring for repeat issues.",Complaint log with resolutions; Contact channel published in notice; Compliance monitoring records,high
